category,name,variant,price
Pure Soya Veg Spl. Tandoori Items,Malai Chaap,Half,180
Pure Soya Veg Spl. Tandoori Items,Malai Chaap,Full,270
Pure Soya Veg Spl. Tandoori Items,Veer Ji Spl Soya Malai Chaap,Half,180
Pure Soya Veg Spl. Tandoori Items,Veer Ji Spl Soya Malai Chaap,Full,270
Pure Soya Veg Spl. Tandoori Items,Spl Lemon Chaap,Half,180
Pure Soya Veg Spl. Tandoori Items,Spl Lemon Chaap,Full,270
Pure Soya Veg Spl. Tandoori Items,Spl Garlic Chaap,Half,180
Pure Soya Veg Spl. Tandoori Items,Spl Garlic Chaap,Full,270
Pure Soya Veg Spl. Tandoori Items,Spl Pudina Chaap,Half,180
Pure Soya Veg Spl. Tandoori Items,Spl Pudina Chaap,Full,270
Pure Soya Veg Spl. Tandoori Items,Spl Punjabi Chaap,Half,180
Pure Soya Veg Spl. Tandoori Items,Spl Punjabi Chaap,Full,270
Pure Soya Veg Spl. Tandoori Items,Spl Achari Chaap,Half,180
Pure Soya Veg Spl. Tandoori Items,Spl Achari Chaap,Full,270
Pure Soya Veg Spl. Tandoori Items,Veg Juicy Tikka,Half,190
Pure Soya Veg Spl. Tandoori Items,Veg Juicy Tikka,Full,280
Pure Soya Veg Spl. Tandoori Items,Veg Afghani Chaap,Half,180
Pure Soya Veg Spl. Tandoori Items,Veg Afghani Chaap,Full,270
Pure Soya Veg Spl. Tandoori Items,Veg Mutton Kabab,Half,190
Pure Soya Veg Spl. Tandoori Items,Veg Mutton Kabab,Full,280
Pure Soya Veg Spl. Tandoori Items,Veg Chicken Kabab,Half,190
Pure Soya Veg Spl. Tandoori Items,Veg Chicken Kabab,Full,280
Pure Soya Veg Spl. Tandoori Items,Sunny Leone Soya Chaap,Half,190
Pure Soya Veg Spl. Tandoori Items,Sunny Leone Soya Chaap,Full,280
Pure Soya Veg Spl. Tandoori Items,Stuffed Chaap,Half,190
Pure Soya Veg Spl. Tandoori Items,Stuffed Chaap,Full,280
Pure Soya Veg Spl. Tandoori Items,Veg Malai Tikka,Half,190
Pure Soya Veg Spl. Tandoori Items,Veg Malai Tikka,Full,280
Pure Soya Veg Spl. Tandoori Items,Veg Mutton Tikka,Half,190
Pure Soya Veg Spl. Tandoori Items,Veg Mutton Tikka,Full,280
Pure Soya Veg Spl. Tandoori Items,M Khalifa Chaap,Half,190
Pure Soya Veg Spl. Tandoori Items,M Khalifa Chaap,Full,280
Pure Soya Veg Spl. Tandoori Items,Veg Chicken Tikka,Half,190
Pure Soya Veg Spl. Tandoori Items,Veg Chicken Tikka,Full,280
Pure Soya Veg Spl. Tandoori Items,Veg Masala Chicken,Half,190
Pure Soya Veg Spl. Tandoori Items,Veg Masala Chicken,Full,280
Pure Soya Veg Spl. Tandoori Items,Veg Fish Tikka,Half,190
Pure Soya Veg Spl. Tandoori Items,Veg Fish Tikka,Full,280
Pure Soya Veg Spl. Tandoori Items,Veg Afghani Chicken,Half,190
Pure Soya Veg Spl. Tandoori Items,Veg Afghani Chicken,Full,280
Pure Soya Veg Spl. Tandoori Items,Veg Lemon Garlic Chicken,Half,190
Pure Soya Veg Spl. Tandoori Items,Veg Lemon Garlic Chicken,Full,280
Pure Soya Veg Spl. Tandoori Items,Veg Lovely Chicken,Half,190
Pure Soya Veg Spl. Tandoori Items,Veg Lovely Chicken,Full,280
Pure Soya Veg Spl. Tandoori Items,Veg Leg Piece,3 Pcs,200
Pure Soya Veg Spl. Tandoori Items,Veg Leg Piece,5 Pcs,290
Pure Soya Veg Spl. Tandoori Items,Veg Juicy Leg Piece (3 Pcs),,210
Veer Ji Special Rolls,Shwarma Roll 2pcs,,190
Veer Ji Special Rolls,Shammi Kabab Roll 2 Pcs,,190
Veer Ji Special Rolls,Malai Chaap Roll,Half,190
Veer Ji Special Rolls,Malai Chaap Roll,Full,280
Veer Ji Special Rolls,Stuff Chaap Roll,Half,190
Veer Ji Special Rolls,Stuff Chaap Roll,Full,280
Veer Ji Special Rolls,Veg Chicken Tikka Roll,Half,190
Veer Ji Special Rolls,Veg Chicken Tikka Roll,Full,280
Veer Ji Special Rolls,Juicy Tikka Roll,Half,190
Veer Ji Special Rolls,Juicy Tikka Roll,Full,280
Veer Ji Special Rolls,Achari Chaap Roll,Half,190
Veer Ji Special Rolls,Achari Chaap Roll,Full,280
Veer Ji Special Rolls,Punjabi Chaap Roll,Half,190
Veer Ji Special Rolls,Punjabi Chaap Roll,Full,280
Veer Ji Special Rolls,Lemon Chaap Roll,Half,190
Veer Ji Special Rolls,Lemon Chaap Roll,Full,280
Veer Ji Special Rolls,Afghani Chaap Roll,Half,190
Veer Ji Special Rolls,Afghani Chaap Roll,Full,280
Veer Ji Special Rolls,Veg Tandoori Butter Leg Piece Roll,Half,190
Veer Ji Special Rolls,Veg Tandoori Butter Leg Piece Roll,Full,280
Veer Ji Special Rolls,Pudina Chaap Roll,Half,190
Veer Ji Special Rolls,Pudina Chaap Roll,Full,280
Veer Ji Special Rolls,Sunny Leone Chaap Roll,Half,190
Veer Ji Special Rolls,Sunny Leone Chaap Roll,Full,280
Veer Ji Special Rolls,Mia Khalifa Chaap Roll,Half,190
Veer Ji Special Rolls,Mia Khalifa Chaap Roll,Full,280
Veer Ji Special Rolls,Veg Kabab Roll,Half,190
Veer Ji Special Rolls,Veg Kabab Roll,Full,280
Veer Ji Special Rolls,Paneer Tikka Roll,Half,190
Veer Ji Special Rolls,Paneer Tikka Roll,Full,280
Veer Ji Special Rolls,Veg Fish Tikka Roll,Half,190
Veer Ji Special Rolls,Veg Fish Tikka Roll,Full,280
Combos & Platters,All In One Platter,,399
Combos & Platters,Make Your Own Combo,,299
Pure Soya Imported Fry Veg Items,Veg Pomfret Fish,,220
Pure Soya Imported Fry Veg Items,Veg Baby Doll,Half,180
Pure Soya Imported Fry Veg Items,Veg Baby Doll,Full,260
Pure Soya Imported Fry Veg Items,Veg Orly Fish,Half,180
Pure Soya Imported Fry Veg Items,Veg Orly Fish,Full,260
Pure Soya Imported Fry Veg Items,Veg Surmai Fish,Half,180
Pure Soya Imported Fry Veg Items,Veg Surmai Fish,Full,260
Pure Soya Imported Fry Veg Items,Veg Chicken Popcorn,Half,180
Pure Soya Imported Fry Veg Items,Veg Chicken Popcorn,Full,260
Pure Soya Imported Fry Veg Items,Veg Vfc Crispy Chaap,Half,180
Pure Soya Imported Fry Veg Items,Veg Vfc Crispy Chaap,Full,260
Pure Soya Imported Fry Veg Items,Veg Chicken Nugget,Half,180
Pure Soya Imported Fry Veg Items,Veg Chicken Nugget,Full,300
Pure Soya Imported Fry Veg Items,Veg Singada Fish,Half,180
Pure Soya Imported Fry Veg Items,Veg Singada Fish,Full,300
Pure Soya Imported Fry Veg Items,Veg Drumstick,Half,180
Pure Soya Imported Fry Veg Items,Veg Drumstick,Full,300
Pure Soya Imported Fry Veg Items,Veg Small Pomfret (3 Pcs),,220
Pure Soya Imported Fry Veg Items,Veg Japanese Fish (3 Pcs),,220
Pure Soya Gravy Items,Veg Tawa Chaap,Half,220
Pure Soya Gravy Items,Veg Tawa Chaap,Full,270
Pure Soya Gravy Items,Veg Korma,Half,220
Pure Soya Gravy Items,Veg Korma,Full,270
Pure Soya Gravy Items,Veg Korma Chaap,Half,250
Pure Soya Gravy Items,Veg Korma Chaap,Full,320
Pure Soya Gravy Items,Veg Mutton Gravy,Half,250
Pure Soya Gravy Items,Veg Mutton Gravy,Full,320
Pure Soya Gravy Items,Veg Rogan Josh,Half,250
Pure Soya Gravy Items,Veg Rogan Josh,Full,320
Pure Soya Gravy Items,Veg Rara Meat,Half,250
Pure Soya Gravy Items,Veg Rara Meat,Full,320
Pure Soya Gravy Items,Veg Keema Kalegi,Half,250
Pure Soya Gravy Items,Veg Keema Kalegi,Full,320
Pure Soya Gravy Items,Veg Tawa Chicken,Half,250
Pure Soya Gravy Items,Veg Tawa Chicken,Full,320
Pure Soya Gravy Items,Veg Butter Chicken,Half,250
Pure Soya Gravy Items,Veg Butter Chicken,Full,320
Pure Soya Gravy Items,Veg Kadhai Chicken,Half,250
Pure Soya Gravy Items,Veg Kadhai Chicken,Full,320
Pure Soya Gravy Items,Veg Kathi Kabab,Half,250
Pure Soya Gravy Items,Veg Kathi Kabab,Full,320
Pure Soya Gravy Items,Veg Handi Chicken,Half,250
Pure Soya Gravy Items,Veg Handi Chicken,Full,320
Pure Soya Gravy Items,Veg Beli Chicken,Half,250
Pure Soya Gravy Items,Veg Beli Chicken,Full,320
Pure Soya Gravy Items,Veg Shahi Chicken,Half,250
Pure Soya Gravy Items,Veg Shahi Chicken,Full,320
Pure Soya Gravy Items,Veg Black Mutton,Half,250
Pure Soya Gravy Items,Veg Black Mutton,Full,320
Pure Soya Gravy Items,Veg Punjabi Kukkad Gravy,Half,250
Pure Soya Gravy Items,Veg Punjabi Kukkad Gravy,Full,320
Pure Soya Gravy Items,Veg Chatkara Chicken,Half,250
Pure Soya Gravy Items,Veg Chatkara Chicken,Full,320
Pure Soya Gravy Items,Veg Burj Khalifa Gravy,Half,250
Pure Soya Gravy Items,Veg Burj Khalifa Gravy,Full,320
Pure Soya Gravy Items,Veg Bheja Gravy,Half,250
Pure Soya Gravy Items,Veg Bheja Gravy,Full,320
Pure Soya Gravy Items,Veg Fish Curry,Half,250
Pure Soya Gravy Items,Veg Fish Curry,Full,320
Pure Soya Gravy Items,Veg Mutton Curry,Half,250
Pure Soya Gravy Items,Veg Mutton Curry,Full,350
Pure Soya Gravy Items,Veer Ji Spl Leg Piece Gravy,Half,250
Pure Soya Gravy Items,Veer Ji Spl Leg Piece Gravy,Full,350
Pure Soya Gravy Items,Veg Champaran Meat,Half,250
Pure Soya Gravy Items,Veg Champaran Meat,Full,350
Main Course North Indian,Spl Dal Makhani,Half,170
Main Course North Indian,Spl Dal Makhani,Full,230
Main Course North Indian,Shahi Paneer,Half,250
Main Course North Indian,Shahi Paneer,Full,320
Main Course North Indian,Kadhai Paneer,Half,250
Main Course North Indian,Kadhai Paneer,Full,320
Main Course North Indian,Lemon Kadhai Paneer,Half,250
Main Course North Indian,Lemon Kadhai Paneer,Full,320
Main Course North Indian,Paneer Labalab,Half,250
Main Course North Indian,Paneer Labalab,Full,320
Main Course North Indian,Paneer Lababdar,Half,250
Main Course North Indian,Paneer Lababdar,Full,320
Main Course North Indian,Paneer Butter Masala,Half,250
Main Course North Indian,Paneer Butter Masala,Full,350
Main Course North Indian,Korma Paneer Gravy,Half,250
Main Course North Indian,Korma Paneer Gravy,Full,350
Main Course North Indian,Paneer Do Pyaza,Half,250
Main Course North Indian,Paneer Do Pyaza,Full,320
Main Course North Indian,Mushroom Do Pyaza,Half,250
Main Course North Indian,Mushroom Do Pyaza,Full,320
Main Course North Indian,Mushroom Masala,Half,250
Main Course North Indian,Mushroom Masala,Full,320
Veer Ji Spl Thali,Regular Thali,,179
Veer Ji Spl Thali,Premium Thali,,279
Veerji Spl Chinese,French Fries,,100
Veerji Spl Chinese,Chilli Potato,,150
Veerji Spl Chinese,Honey Chilli Potato,,160
Veerji Spl Chinese,Chilli Mushroom,,240
Veerji Spl Chinese,Veg Spring Roll,,220
Veerji Spl Chinese,Veg Noodles,Half,100
Veerji Spl Chinese,Veg Noodles,Full,150
Veerji Spl Chinese,Veg Fried Rice,Half,100
Veerji Spl Chinese,Veg Fried Rice,Full,160
Veerji Spl Chinese,Veg Chilli Chicken Dry,Half,180
Veerji Spl Chinese,Veg Chilli Chicken Dry,Full,240
Veerji Spl Chinese,Veg Chilli Chicken Gravy,Half,180
Veerji Spl Chinese,Veg Chilli Chicken Gravy,Full,240
Veerji Spl Chinese,Chilli Paneer Dry,Half,180
Veerji Spl Chinese,Chilli Paneer Dry,Full,240
Veerji Spl Chinese,Chilli Paneer Gravy,Half,180
Veerji Spl Chinese,Chilli Paneer Gravy,Full,240
Veerji Spl Chinese,Veg Chilli Manchurian,Half,180
Veerji Spl Chinese,Veg Chilli Manchurian,Full,240
Veerji Spl Chinese,Peri Peri Fries,,130
Veerji Spl Chinese,Veg Chilli Garlic Noodles,Half,110
Veerji Spl Chinese,Veg Chilli Garlic Noodles,Full,180
Veerji Spl Chinese,Veg Singapuri Noodles,Half,120
Veerji Spl Chinese,Veg Singapuri Noodles,Full,190
Veerji Spl Chinese,Soya Chilli,,240
Veerji Spl Chinese,Kurkure Mushroom,,240
Veerji Spl Chinese,Cigar Cheese Roll,,240
Steam Momos,Veg Momos,,140
Steam Momos,Spl Veg Chicken Momos,,140
Steam Momos,Paneer Momos,,150
Steam Momos,Gravy Momos,,180
Steam Momos,Chilli Momos,,180
Fry Momos,Soya Fry Momos,,140
Fry Momos,Veg Fry Momos,,140
Fry Momos,Paneer Fry Momos,,160
Tandoori Momos,Veg Tandoori Momos,Half,110
Tandoori Momos,Veg Tandoori Momos,Full,170
Tandoori Momos,Soya Tandoori Momos,Half,110
Tandoori Momos,Soya Tandoori Momos,Full,170
Tandoori Momos,Paneer Tandoori Momos,Half,120
Tandoori Momos,Paneer Tandoori Momos,Full,190
Tandoori Momos,Afghani Veg Tandoori Momos,Half,120
Tandoori Momos,Afghani Veg Tandoori Momos,Full,190
Tandoori Momos,Afghani Paneer Tandoori Momos,Half,120
Tandoori Momos,Afghani Paneer Tandoori Momos,Full,190
Tandoori Momos,Afghani Soya Tandoori Momos,Half,120
Tandoori Momos,Afghani Soya Tandoori Momos,Full,190
Kurkure Vfc Momos,Kurkure Paneer Fry Momos,Half,160
Kurkure Vfc Momos,Kurkure Paneer Fry Momos,Full,250
Kurkure Vfc Momos,Kurkure Soya Fry Momos,Half,160
Kurkure Vfc Momos,Kurkure Soya Fry Momos,Full,250
Kurkure Vfc Momos,Kurkure Veg Fry Momos,Half,160
Kurkure Vfc Momos,Kurkure Veg Fry Momos,Full,250
Paneer & Mushroom Tandoori Items,Spl Paneer Tikka,Half,180
Paneer & Mushroom Tandoori Items,Spl Paneer Tikka,Full,270
Paneer & Mushroom Tandoori Items,Achari Paneer Tikka,Half,180
Paneer & Mushroom Tandoori Items,Achari Paneer Tikka,Full,270
Paneer & Mushroom Tandoori Items,Pudina Paneer Tikka,Half,180
Paneer & Mushroom Tandoori Items,Pudina Paneer Tikka,Full,270
Paneer & Mushroom Tandoori Items,Spl Mushroom Tikka (Full),,260
Paneer & Mushroom Tandoori Items,Spicy Mushroom (Full),,260
Paneer & Mushroom Tandoori Items,Achari Mushroom (Full),,260
Paneer & Mushroom Tandoori Items,Tandoori Mushroom (Full),,260
Paneer & Mushroom Tandoori Items,Malai Mushroom,,260
Paneer & Mushroom Tandoori Items,Malai Paneer Tikka,Half,180
Paneer & Mushroom Tandoori Items,Malai Paneer Tikka,Full,270
Veerji Spl Biryani & Rice,Matka Veg Chicken Biryani,Half,180
Veerji Spl Biryani & Rice,Matka Veg Chicken Biryani,Full,260
Veerji Spl Biryani & Rice,Matka Veg Mutton Biryani,Half,180
Veerji Spl Biryani & Rice,Matka Veg Mutton Biryani,Full,260
Veerji Spl Biryani & Rice,Matka Veg Paneer Biryani,Half,180
Veerji Spl Biryani & Rice,Matka Veg Paneer Biryani,Full,260
Veerji Spl Biryani & Rice,Matka Veg Kabab Biryani,Half,180
Veerji Spl Biryani & Rice,Matka Veg Kabab Biryani,Full,260
Veerji Spl Biryani & Rice,Jeera Rice,Half,100
Veerji Spl Biryani & Rice,Jeera Rice,Full,150
Breads(Roti),Rumali Roti,,15
Breads(Roti),Tandoori Roti,,20
Breads(Roti),Tandoori Butter Roti,,25
Breads(Roti),Missi Roti,,30
Breads(Roti),Plain Naan,,30
Breads(Roti),Butter Naan,,40
Breads(Roti),Lachha Parantha,,40
Breads(Roti),Garlic Naan,,50
Breads(Roti),Aloo Naan,,50
Breads(Roti),Aloo Parantha,,50
Breads(Roti),Stuffed Parantha,,60
Breads(Roti),Stuffed Naan,,60
Breads(Roti),Paneer Parantha,,60
Breads(Roti),Paneer Naan,,60
Breads(Roti),Ajwain Paratha,,50
Breads(Roti),Pudina Paratha,,50
Breads(Roti),Green Chilli Paratha,,50
Breads(Roti),Red Chilli Paratha,,50
Breads(Roti),Garlic Paratha,,50
Amritsari Kulcha,Amritsari Aloo Kulcha,,90
Amritsari Kulcha,Amritsari Aloo Pyaz Kulcha,,100
Amritsari Kulcha,Amritsari Mix Veg Kulcha,,110
Amritsari Kulcha,Amritsari Paneer Kulcha,,130
Amritsari Kulcha,Nutri Kulcha,,180
Amritsari Kulcha,Kathi Kabab Rumali,,160
Beverages,Water Bottle,,20
Beverages,Cold Drinks Small,,20
Beverages,Cold Drink With Glass,,40
Beverages,Thumbs Up 750 Ml With Glass,,40
Beverages,Coke 750 Ml With Glass,,40
Beverages,Sprite 750 Ml With Glass,,40
Beverages,Fanta 750 Ml With Glass,,40
Beverages,Limca 750 Ml With Glass,,40
Beverages,Diet Coke,,50
Add-ons,Extra Cream/butter,,20
Add-ons,Creamy Onions,,30
Add-ons,Masala Onions,,30
Veerji Spl Mojito,Classic Mint Mojito,,100
Veerji Spl Mojito,Kala Khatta,,100
Veerji Spl Mojito,Green Apple Mojito,,100
Veerji Spl Mojito,Blue Lagoon,,100
Veerji Spl Mojito,Strawberry Splash,,100
Veerji Spl Mojito,Black Currant Burst,,100
Veerji Spl Mojito,Jamun Delight,,120
Veerji Spl Mojito,Kokum Crush,,120
Veerji Spl Shakes,Silky Cold Coffee,,120
Veerji Spl Shakes,Cookie Caramel Shake,,120
Veerji Spl Shakes,Rose Faluda Shake,,120
Veerji Spl Shakes,Rasmalai Shake,,120
Veerji Spl Shakes,Choco Oreo Shake,,120
Veerji Special Burgers,Veg Aloopatty Burger,,60
Veerji Special Burgers,Paneer Burger,,100
Veerji Special Burgers,Veg Chicken Burger,,100
Veerji Special Burgers,Veg Mutton Burger,,100
Veerji Special Burgers,Mix Veg Cheese Burger,,100
Veerji Special Burgers,Veg Chicken Patty Burger,,120
Veerji Special Burgers,Veg Mutton Patty Burger,,120
